Workbook

Sheet README
A1: Employee Attrition Analysis (Excel)
A3: Goal: find out WHO is leaving the company and WHY, so HR can reduce attrition.
A5: Sheets
A6: Dashboard - pick a department in the yellow cell and every number and chart updates.
A7: Data - 300 employee records (Excel Table). Tenure Group and Salary Band are calculated with formulas.
A8: Analysis - summary tables built with COUNTIFS, AVERAGEIFS, IF and INDEX/MATCH.
A10: Key terms
A11: Attrition = an employee leaving the company. Attrition Rate = Employees who left / Total employees.
A13: Data note
A14: All data is fictional and was created for this practice project. It is not copied from any company or dataset.
A15: Salary is monthly salary in rupees (assumed for this practice data).
A17: Excel skills used
A18: Excel Table, IF formulas, COUNTIFS, AVERAGEIFS, INDEX/MATCH, Data Validation dropdown, Conditional Formatting, Charts, Dashboard design.

Sheet Dashboard
A1: Employee Attrition Dashboard
A3: Department: | B3: All | C3: <- pick from the dropdown (first chart always shows all departments)
A4: Employees | C4: Employees Left | E4: Attrition Rate | G4: Avg Monthly Salary | I4: Avg Years at Company
A5: =COUNTIFS(Data!$B$2:$B$301,Analysis!$B$2) -> 300 | C5: =COUNTIFS(Data!$B$2:$B$301,Analysis!$B$2,Data!$I$2:$I$301,"Yes") -> 74 | E5: =IFERROR(C5/A5,0) -> 0.24666667 | G5: =IFERROR(AVERAGEIFS(Data!$F$2:$F$301,Data!$B$2:$B$301,Analysis!$B$2),0) -> 61672.667 | I5: =IFERROR(AVERAGEIFS(Data!$E$2:$E$301,Data!$B$2:$B$301,Analysis!$B$2),0) -> 6.53
A7: Key Insights (update automatically)
A8: ="Highest attrition department: "&INDEX(Analysis!$A$5:$A$10,MATCH(MAX(Analysis!$D$5:$D$10),Analysis!$D$5:$D$10,0))&" ("&TEXT(MAX(Analysis!$D$5:$D$10),"0.0%")&")" -> Highest attrition department: Sales (32.8%)
A9: ="Overtime staff leave at "&TEXT(Analysis!D14,"0.0%")&" vs "&TEXT(Analysis!D15,"0.0%")&" for staff without overtime" -> Overtime staff leave at 40.0% vs 17.0% for staff without overtime
A10: ="Satisfaction 1 (low) attrition: "&TEXT(Analysis!D19,"0.0%")&" vs satisfaction 4 (high): "&TEXT(Analysis!D22,"0.0%") -> Satisfaction 1 (low) attrition: 34.3% vs satisfaction 4 (high): 15.1%
A11: ="New joiners (0-2 yrs) attrition: "&TEXT(Analysis!D26,"0.0%")&" vs 10+ yrs: "&TEXT(Analysis!D29,"0.0%") -> New joiners (0-2 yrs) attrition: 35.2% vs 10+ yrs: 25.4%

Sheet Data
A1: Employee ID | B1: Department | C1: Gender | D1: Age | E1: Years at Company | F1: Monthly Salary | G1: Job Satisfaction | H1: Overtime | I1: Attrition | J1: Tenure Group | K1: Salary Band | M1: Notes
A2: E1001 | B2: Operations | C2: Female | D2: 21 | E2: 1 | F2: 37800 | G2: 2 | H2: Yes | I2: Yes | J2: =IF(E2<=2,"0-2 yrs",IF(E2<=5,"3-5 yrs",IF(E2<=10,"6-10 yrs","10+ yrs"))) -> 0-2 yrs | K2: =IF(F2<35000,"Low",IF(F2<70000,"Medium","High")) -> Medium | M2: Job Satisfaction: 1 = Low, 4 = High. Attrition: Yes = employee left.
A3: E1002 | B3: Sales | C3: Male | D3: 36 | E3: 0 | F3: 55100 | G3: 3 | H3: Yes | I3: No | J3: =IF(E3<=2,"0-2 yrs",IF(E3<=5,"3-5 yrs",IF(E3<=10,"6-10 yrs","10+ yrs"))) -> 0-2 yrs | K3: =IF(F3<35000,"Low",IF(F3<70000,"Medium","High")) -> Medium | M3: Tenure Group and Salary Band are formulas. Salary bands: Low < 35,000; Medium < 70,000; High 70,000+.
A4: E1003 | B4: Marketing | C4: Female | D4: 27 | E4: 7 | F4: 48700 | G4: 3 | H4: No | I4: No | J4: =IF(E4<=2,"0-2 yrs",IF(E4<=5,"3-5 yrs",IF(E4<=10,"6-10 yrs","10+ yrs"))) -> 6-10 yrs | K4: =IF(F4<35000,"Low",IF(F4<70000,"Medium","High")) -> Medium
A5: E1004 | B5: Finance | C5: Male | D5: 23 | E5: 3 | F5: 62900 | G5: 1 | H5: No | I5: No | J5: =IF(E5<=2,"0-2 yrs",IF(E5<=5,"3-5 yrs",IF(E5<=10,"6-10 yrs","10+ yrs"))) -> 3-5 yrs | K5: =IF(F5<35000,"Low",IF(F5<70000,"Medium","High")) -> Medium
A6: E1005 | B6: Sales | C6: Male | D6: 41 | E6: 14 | F6: 59400 | G6: 1 | H6: No | I6: Yes | J6: =IF(E6<=2,"0-2 yrs",IF(E6<=5,"3-5 yrs",IF(E6<=10,"6-10 yrs","10+ yrs"))) -> 10+ yrs | K6: =IF(F6<35000,"Low",IF(F6<70000,"Medium","High")) -> Medium
A7: E1006 | B7: IT | C7: Male | D7: 39 | E7: 14 | F7: 92000 | G7: 4 | H7: No | I7: No | J7: =IF(E7<=2,"0-2 yrs",IF(E7<=5,"3-5 yrs",IF(E7<=10,"6-10 yrs","10+ yrs"))) -> 10+ yrs | K7: =IF(F7<35000,"Low",IF(F7<70000,"Medium","High")) -> High
A8: E1007 | B8: Operations | C8: Female | D8: 42 | E8: 7 | F8: 56300 | G8: 2 | H8: No | I8: No | J8: =IF(E8<=2,"0-2 yrs",IF(E8<=5,"3-5 yrs",IF(E8<=10,"6-10 yrs","10+ yrs"))) -> 6-10 yrs | K8: =IF(F8<35000,"Low",IF(F8<70000,"Medium","High")) -> Medium
A9: E1008 | B9: HR | C9: Male | D9: 39 | E9: 15 | F9: 70100 | G9: 4 | H9: Yes | I9: No | J9: =IF(E9<=2,"0-2 yrs",IF(E9<=5,"3-5 yrs",IF(E9<=10,"6-10 yrs","10+ yrs"))) -> 10+ yrs | K9: =IF(F9<35000,"Low",IF(F9<70000,"Medium","High")) -> High
A10: E1009 | B10: IT | C10: Male | D10: 57 | E10: 15 | F10: 94300 | G10: 4 | H10: No | I10: No | J10: =IF(E10<=2,"0-2 yrs",IF(E10<=5,"3-5 yrs",IF(E10<=10,"6-10 yrs","10+ yrs"))) -> 10+ yrs | K10: =IF(F10<35000,"Low",IF(F10<70000,"Medium","High")) -> High
A11: E1010 | B11: Operations | C11: Female | D11: 48 | E11: 15 | F11: 71700 | G11: 2 | H11: No | I11: Yes | J11: =IF(E11<=2,"0-2 yrs",IF(E11<=5,"3-5 yrs",IF(E11<=10,"6-10 yrs","10+ yrs"))) -> 10+ yrs | K11: =IF(F11<35000,"Low",IF(F11<70000,"Medium","High")) -> High
A12: E1011 | B12: Operations | C12: Male | D12: 52 | E12: 10 | F12: 55800 | G12: 4 | H12: Yes | I12: No | J12: =IF(E12<=2,"0-2 yrs",IF(E12<=5,"3-5 yrs",IF(E12<=10,"6-10 yrs","10+ yrs"))) -> 6-10 yrs | K12: =IF(F12<35000,"Low",IF(F12<70000,"Medium","High")) -> Medium
A13: E1012 | B13: IT | C13: Female | D13: 50 | E13: 0 | F13: 77200 | G13: 4 | H13: No | I13: No | J13: =IF(E13<=2,"0-2 yrs",IF(E13<=5,"3-5 yrs",IF(E13<=10,"6-10 yrs","10+ yrs"))) -> 0-2 yrs | K13: =IF(F13<35000,"Low",IF(F13<70000,"Medium","High")) -> High
A14: E1013 | B14: Operations | C14: Female | D14: 25 | E14: 2 | F14: 33800 | G14: 4 | H14: No | I14: No | J14: =IF(E14<=2,"0-2 yrs",IF(E14<=5,"3-5 yrs",IF(E14<=10,"6-10 yrs","10+ yrs"))) -> 0-2 yrs | K14: =IF(F14<35000,"Low",IF(F14<70000,"Medium","High")) -> Low
A15: E1014 | B15: Marketing | C15: Male | D15: 38 | E15: 11 | F15: 67200 | G15: 1 | H15: No | I15: No | J15: =IF(E15<=2,"0-2 yrs",IF(E15<=5,"3-5 yrs",IF(E15<=10,"6-10 yrs","10+ yrs"))) -> 10+ yrs | K15: =IF(F15<35000,"Low",IF(F15<70000,"Medium","High")) -> Medium
... A301: E1300 | B301: Sales | C301: Female | D301: 35 | E301: 4 | F301: 26000 | G301: 3 | H301: Yes | I301: No | J301: =IF(E301<=2,"0-2 yrs",IF(E301<=5,"3-5 yrs",IF(E301<=10,"6-10 yrs","10+ yrs"))) -> 3-5 yrs | K301: =IF(F301<35000,"Low",IF(F301<70000,"Medium","High")) -> Low

Sheet Analysis
A1: Summary Tables (all formulas)
A2: Department filter in use: | B2: =IF(Dashboard!$B$3="All","*",Dashboard!$B$3) -> * | C2: ("*" means all departments)
A4: Department | B4: Employees | C4: Left | D4: Attrition %
A5: Sales | B5: =COUNTIFS(Data!$B$2:$B$301,A5) -> 64 | C5: =COUNTIFS(Data!$B$2:$B$301,A5,Data!$I$2:$I$301,"Yes") -> 21 | D5: =IFERROR(C5/B5,0) -> 0.328125
A6: IT | B6: =COUNTIFS(Data!$B$2:$B$301,A6) -> 54 | C6: =COUNTIFS(Data!$B$2:$B$301,A6,Data!$I$2:$I$301,"Yes") -> 13 | D6: =IFERROR(C6/B6,0) -> 0.24074074
A7: HR | B7: =COUNTIFS(Data!$B$2:$B$301,A7) -> 26 | C7: =COUNTIFS(Data!$B$2:$B$301,A7,Data!$I$2:$I$301,"Yes") -> 5 | D7: =IFERROR(C7/B7,0) -> 0.19230769
A8: Finance | B8: =COUNTIFS(Data!$B$2:$B$301,A8) -> 41 | C8: =COUNTIFS(Data!$B$2:$B$301,A8,Data!$I$2:$I$301,"Yes") -> 7 | D8: =IFERROR(C8/B8,0) -> 0.17073171
A9: Operations | B9: =COUNTIFS(Data!$B$2:$B$301,A9) -> 68 | C9: =COUNTIFS(Data!$B$2:$B$301,A9,Data!$I$2:$I$301,"Yes") -> 16 | D9: =IFERROR(C9/B9,0) -> 0.23529412
A10: Marketing | B10: =COUNTIFS(Data!$B$2:$B$301,A10) -> 47 | C10: =COUNTIFS(Data!$B$2:$B$301,A10,Data!$I$2:$I$301,"Yes") -> 12 | D10: =IFERROR(C10/B10,0) -> 0.25531915
A13: Overtime | B13: Employees | C13: Left | D13: Attrition %
A14: Yes | B14: =COUNTIFS(Data!$B$2:$B$301,$B$2,Data!$H$2:$H$301,A14) -> 100 | C14: =COUNTIFS(Data!$B$2:$B$301,$B$2,Data!$H$2:$H$301,A14,Data!$I$2:$I$301,"Yes") -> 40 | D14: =IFERROR(C14/B14,0) -> 0.4
A15: No | B15: =COUNTIFS(Data!$B$2:$B$301,$B$2,Data!$H$2:$H$301,A15) -> 200 | C15: =COUNTIFS(Data!$B$2:$B$301,$B$2,Data!$H$2:$H$301,A15,Data!$I$2:$I$301,"Yes") -> 34 | D15: =IFERROR(C15/B15,0) -> 0.17
A18: Job Satisfaction (1=Low, 4=High) | B18: Employees | C18: Left | D18: Attrition %
A19: 1 | B19: =COUNTIFS(Data!$B$2:$B$301,$B$2,Data!$G$2:$G$301,A19) -> 35 | C19: =COUNTIFS(Data!$B$2:$B$301,$B$2,Data!$G$2:$G$301,A19,Data!$I$2:$I$301,"Yes") -> 12 | D19: =IFERROR(C19/B19,0) -> 0.34285714
A20: 2 | B20: =COUNTIFS(Data!$B$2:$B$301,$B$2,Data!$G$2:$G$301,A20) -> 74 | C20: =COUNTIFS(Data!$B$2:$B$301,$B$2,Data!$G$2:$G$301,A20,Data!$I$2:$I$301,"Yes") -> 22 | D20: =IFERROR(C20/B20,0) -> 0.2972973
A21: 3 | B21: =COUNTIFS(Data!$B$2:$B$301,$B$2,Data!$G$2:$G$301,A21) -> 118 | C21: =COUNTIFS(Data!$B$2:$B$301,$B$2,Data!$G$2:$G$301,A21,Data!$I$2:$I$301,"Yes") -> 29 | D21: =IFERROR(C21/B21,0) -> 0.24576271
A22: 4 | B22: =COUNTIFS(Data!$B$2:$B$301,$B$2,Data!$G$2:$G$301,A22) -> 73 | C22: =COUNTIFS(Data!$B$2:$B$301,$B$2,Data!$G$2:$G$301,A22,Data!$I$2:$I$301,"Yes") -> 11 | D22: =IFERROR(C22/B22,0) -> 0.15068493
A25: Tenure Group | B25: Employees | C25: Left | D25: Attrition %
A26: 0-2 yrs | B26: =COUNTIFS(Data!$B$2:$B$301,$B$2,Data!$J$2:$J$301,A26) -> 71 | C26: =COUNTIFS(Data!$B$2:$B$301,$B$2,Data!$J$2:$J$301,A26,Data!$I$2:$I$301,"Yes") -> 25 | D26: =IFERROR(C26/B26,0) -> 0.35211268
A27: 3-5 yrs | B27: =COUNTIFS(Data!$B$2:$B$301,$B$2,Data!$J$2:$J$301,A27) -> 68 | C27: =COUNTIFS(Data!$B$2:$B$301,$B$2,Data!$J$2:$J$301,A27,Data!$I$2:$I$301,"Yes") -> 11 | D27: =IFERROR(C27/B27,0) -> 0.16176471
A28: 6-10 yrs | B28: =COUNTIFS(Data!$B$2:$B$301,$B$2,Data!$J$2:$J$301,A28) -> 90 | C28: =COUNTIFS(Data!$B$2:$B$301,$B$2,Data!$J$2:$J$301,A28,Data!$I$2:$I$301,"Yes") -> 20 | D28: =IFERROR(C28/B28,0) -> 0.22222222
A29: 10+ yrs | B29: =COUNTIFS(Data!$B$2:$B$301,$B$2,Data!$J$2:$J$301,A29) -> 71 | C29: =COUNTIFS(Data!$B$2:$B$301,$B$2,Data!$J$2:$J$301,A29,Data!$I$2:$I$301,"Yes") -> 18 | D29: =IFERROR(C29/B29,0) -> 0.25352113
A32: Salary Band | B32: Employees | C32: Left | D32: Attrition %
A33: Low | B33: =COUNTIFS(Data!$B$2:$B$301,$B$2,Data!$K$2:$K$301,A33) -> 9 | C33: =COUNTIFS(Data!$B$2:$B$301,$B$2,Data!$K$2:$K$301,A33,Data!$I$2:$I$301,"Yes") -> 3 | D33: =IFERROR(C33/B33,0) -> 0.33333333
A34: Medium | B34: =COUNTIFS(Data!$B$2:$B$301,$B$2,Data!$K$2:$K$301,A34) -> 202 | C34: =COUNTIFS(Data!$B$2:$B$301,$B$2,Data!$K$2:$K$301,A34,Data!$I$2:$I$301,"Yes") -> 48 | D34: =IFERROR(C34/B34,0) -> 0.23762376
A35: High | B35: =COUNTIFS(Data!$B$2:$B$301,$B$2,Data!$K$2:$K$301,A35) -> 89 | C35: =COUNTIFS(Data!$B$2:$B$301,$B$2,Data!$K$2:$K$301,A35,Data!$I$2:$I$301,"Yes") -> 23 | D35: =IFERROR(C35/B35,0) -> 0.25842697
